id_siniestro,id_poliza,fecha_siniestro,monto_siniestro,estado
6,5107,2026/02/10,"10,535.74",
9,18118,2025/08/27,,Cerrado
12,4096,23/02/2026,,Rechazado
14,8260,2025-09-08,,
16,16312,2025/10/02,,Abierto
18,4445,05-23-25,-,
20,21508,08-29-25, 8867.02 ,
25,719,25/12/2025,3257.92,
27,22625,07-03-2025,141.77,
28,3123,10-08-25,,Cerrado
30,20396,30/09/2025,,
32,20349,06-13-25,"-6,166.30",
41,4657,2025/12/25,"9.268,60",
42,3586,31/01/2026,"11,247.07",
49,12852,2025-01-11,4828.13,
50,25778,2025-10-18, 11437.50 ,
51,1344,15/08/2025,"14,278.06",
55,19232,2025/03/25,"5,517.33",
56,14610,27/11/2025,,Abierto
58,9803,23/03/2025,-,
61,16070,2025/12/06,-,
63,22281,2025/07/07,,
68,4916,2025-11-20,5792.24,
69,14892,21/09/2025,14508.66,
71,19836,2025/01/14, 5377.67 ,
72,23320,20/02/2026,"7,245.79",
76,18282,2025/08/02,,
80,23359,2025-02-24,,
81,10359,20/10/2025,,Cerrado
82,4048,21-02-2026, 9909.58 ,
83,16988,07-07-25,"14.090,71",
85,7153,2026/01/23,5079.34,
86,25554,13/03/2025,-,
92,13736,28/03/2025,,
94,15160,01-14-25,"3,322.55",
95,17219,01-04-2025,4580.14,
98,19925,01-25-25,"1.228,19",
100,24052,2025/03/16,"2.342,67",
103,19170,2026/02/01,10183.94,
104,1153,2025/02/05,2580.40,
107,17613,20/06/2025, 11560.34 ,
108,1500,2025/01/01,,Abierto
117,12941,12-12-2025,,Abierto
118,21719,28/02/2025,,Abierto
119,1874,2025-07-26,"5,171.14",
122,16832,09-03-25, 7489.48 ,
124,4535,2025-12-15, 9389.56 ,
128,24167,09-15-25,,
130,14357,08-30-25,,Rechazado
131,21837,05/09/2025,"13,932.10",
132,1290,2025-03-01,"9,918.51",
153,7402,26/03/2025,,Abierto
154,11333,2026-01-07,,
155,17654,2025-03-22,13419.79,
161,12821,29/01/2025, 1663.96 ,
163,3344,2026/02/01,,Cerrado
166,3400,10-30-25, 11123.38 ,
170,14794,2025-12-30,,Abierto
175,6907,06-12-2025,12028.02,
177,15938,2025-11-25, 13797.55 ,
179,12699,2026-01-22,"1.452,35",
180,13273,15/01/2025, 14255.51 ,
183,15820,2025-06-27,,Rechazado
186,14257,14-01-2026,,Abierto
188,9285,07-04-25,"3,554.71",
189,11691,2026-01-17,,Abierto
193,19056,02-12-2025,,Abierto
197,5812,2025/07/08,"12.806,56",
201,10253,2026/01/01,,
202,6793,30-08-2025,,Cerrado
204,11440,2025-01-28,,Rechazado
209,16837,20/08/2025,11810.11,
212,14352,05-18-25,"8.847,32",
216,8726,2025/07/23,"4.346,45",
219,25727,02-04-26,,Cerrado
223,2629,08-10-25,"3.642,77",
225,19366,2025/05/20,851.04,
234,16501,04/10/2025,-,
236,22678,11-11-2025,,Abierto
237,24184,2025-07-13,"13,713.94",
238,19973,2025-08-01,,Rechazado
240,15810,03-10-25,,Rechazado
243,9965,2025-02-27, 4275.37 ,
244,3256,2025-07-09,,Abierto
247,23410,2025/04/29, 8598.25 ,
249,18003,08-02-25,14986.14,
250,2158,05-20-25,,Abierto
251,21022,18-07-2025,,Rechazado
255,24181,09-02-2025,"3,638.10",
256,1939,2025-11-03, 7149.72 ,
260,17781,03-11-25, 14206.04 ,
262,17232,27/02/2025,,Abierto
264,13686,09/10/2025,,Abierto
267,13995,2025/09/08, 6273.55 ,
269,20302,2025-11-29,"12,935.03",
271,16423,06/10/2025,"12.531,38",
274,22521,09/12/2025,6246.09,
277,4835,2025/11/21,"10,216.40",
278,12350,02-02-26,"2,215.15",
280,3145,2025-08-11,"2.935,10",
283,17276,2025-04-06, 8841.01 ,
291,367,2025/12/04, 9606.53 ,
293,10362,24/09/2025,"8.077,52",
298,6809,2025/10/20, 1486.47 ,
302,22748,2025/12/04,5352.07,
305,13740,2025-12-25,,Abierto
306,11979,24/05/2025, 3782.57 ,
307,9896,19/02/2026, 9098.49 ,
308,15831,06-07-2025, 4383.22 ,
310,18660,2025-11-24, 7735.22 ,
314,6169,08-08-2025,,Cerrado
316,19243,2025-11-19, 2098.28 ,
317,7504,06-12-2025,"6,038.60",
323,17082,11/05/2025,"11,204.61",
325,25648,14-11-2025,"-12.908,94",
326,6507,11-06-2025,6243.40,
330,13177,09-03-2025,-,
331,16704,2025/08/12,,
336,23055,29-12-2025,,
337,15288,2025/02/20,"4.485,08",
338,13062,2025-08-16,-,
341,21940,23/03/2025,"11.851,07",
342,5070,11-22-25, 6723.23 ,
347,18616,07-13-25,,Cerrado
348,3786,09/02/2026,"3.564,35",
353,21230,14-10-2025,,Abierto
357,3742,2026/01/14,-,
358,5810,18-11-2025,"6,718.36",
362,18426,04-19-25,,Abierto
364,16748,24-08-2025,"7.756,38",
374,24381,07-27-25,,Abierto
376,18210,21-04-2025, 13180.58 ,
380,19177,20-11-2025,,
381,18189,31/01/2026,,Cerrado
382,13149,2026/02/13, 5788.34 ,
385,3696,12/02/2026,2099.51,
386,20394,19-01-2026,,
387,7121,16-03-2025,101.74,
388,8625,30/10/2025, 4076.28 ,
391,24690,2025/01/25, 5736.62 ,
393,19824,11-11-25,,
394,7220,25-07-2025,"6.657,59",
400,6936,02-08-2025,"8.411,60",
401,12559,2025/01/26,,Rechazado
402,22663,29-04-2025,"11.363,64",
404,4048,2025/12/14,,
407,15499,07/02/2026,,Abierto
408,15018,02-19-26, 13987.17 ,
410,20008,06-09-25,"908,44",
414,1039,28-11-2025,6928.26,
415,10705,2025-10-03,"4.372,08",
421,5615,09-23-25,"9.744,90",
427,19205,2026/01/05,"8.961,50",
428,20511,2025/09/12,"1.741,82",
429,10083,08-08-2025,"4.186,36",
431,16556,2025/10/30,,Cerrado
435,15659,02-15-25,,
436,4058,2026/01/07,"13.142,69",
439,23475,2025-01-03,,
443,11757,27-06-2025, 7553.76 ,
444,23715,02-19-25,"2.748,13",
446,849,07-07-25, 966.15 ,
447,24783,16-05-2025,3775.66,
452,1835,14-04-2025,6449.29,
453,14614,10-12-2025,"5.081,75",
454,18671,17/05/2025, 14655.73 ,
456,6812,2026-02-24,"10.457,09",
457,4234,22-10-2025,,Rechazado
458,22894,11-16-25,"13,379.41",
459,19084,2025/06/05,11662.90,
460,9557,2025-03-07,"11,367.71",
461,9517,27/10/2025,-,
469,10808,30-12-2025,3705.92,
474,12213,2025/05/04,-,
475,13039,2025-10-13,-,
476,4147,09/01/2025,,Rechazado
479,4770,2025/07/06,,Cerrado
480,23674,2025-06-27,"192,04",
481,5991,08-25-25,,Rechazado
483,1067,2025/07/27,"5.411,94",
485,23236,2025-08-13,"9,341.17",
490,9596,2025-07-24,-6745.26,
493,12637,24-01-2025,"13.814,68",
495,3898,2025/10/29,"12.255,39",
497,17866,2026/01/28,"5,018.42",
498,16934,2025-09-29,"6.665,81",
506,23610,02/03/2025,-,
507,14126,01-26-26, 7410.93 ,
508,11505,2025-04-17,"4,336.27",
509,9632,24/01/2026, 11512.22 ,
510,24704,2025-05-08,,Abierto
511,9290,01-30-25,2170.06,
513,19811,2025/09/01,,Abierto
516,18551,01-03-2025,"3,577.31",
524,3266,19/04/2025,,Abierto
528,21844,2026-01-16,"1,897.70",
531,16681,2025/10/21,,Cerrado
541,17082,25/04/2025, 12640.91 ,
542,13402,07-02-2025,"6,580.87",
543,22193,07-13-25,,
548,320,2025-07-13,"6.636,52",
554,25784,10-05-2025,,Cerrado
556,6947,13/12/2025,,Abierto
559,24920,01-02-26,,
567,21236,09-30-25,542.33,
568,7634,20/01/2025,-,
569,13976,08-12-2025,"11,416.44",
581,17730,08-18-25,"6,180.21",
584,7265,05/07/2025,,
587,22918,2025/10/26,"2,427.43",
592,11961,10-12-25,8976.92,
593,25605,04/02/2025,"6,324.53",
595,16802,2025-03-01,,Cerrado
597,22326,09-16-25,"11,586.97",
600,25582,28/09/2025, 13159.89 ,
601,12091,02-03-2025,,Abierto
602,11450,10-07-2025, 5353.00 ,
604,1034,01-16-26, 7672.14 ,
606,9853,13-08-2025, 13270.26 ,
607,7941,01-15-26,"2,490.28",
612,3316,13/08/2025,,
617,17670,03-02-2025,,Rechazado
618,1023,2025/02/02,,Rechazado
621,2841,2025/01/11,5695.40,
622,1623,2026/01/02,"8.782,83",
623,10760,2025-03-09,14910.95,
628,23681,2026/01/27,,
629,9818,08-11-2025,,Abierto
630,1708,13-02-2026,"11.486,29",
632,14193,21-08-2025, 2506.71 ,
634,18267,2025/12/31,6524.10,
636,22410,21-02-2025,,
639,10248,04-07-25,1516.11,
644,21088,2025-11-26,5253.85,
647,22110,08-19-25,,Cerrado
651,16433,2025/06/26,10165.98,
653,8325,2025/11/29,3436.47,
654,19098,28-01-2025, 11940.83 ,
656,7208,03-11-2025,"10,346.31",
661,6981,21/10/2025,-,
662,15605,16-12-2025,,Abierto
663,15104,04/12/2025, 13252.17 ,
664,5731,2026/02/21, 5577.51 ,
666,10515,11/01/2025,"1,415.47",
668,12401,01-04-2025,,Rechazado
671,9678,2025-07-02,"3,157.22",
672,18183,26/03/2025,"14,404.32",
675,4118,30/01/2026,"11.468,98",
676,25652,11/12/2025,"4,329.18",
679,777,27-01-2025,5565.28,
681,6234,15-10-2025,,
686,20908,11-06-25,"7.236,55",
688,9946,2025/01/14,"10.893,34",
695,21466,28-11-2025,"3.201,99",
696,7945,2025/09/18, 7898.62 ,
700,19484,01-03-2025,"5,388.51",
701,10012,12-02-25,"5,662.35",
703,6331,10-02-2025,2355.04,
708,25560,02-02-26,,Rechazado
710,24697,2025-02-12,10893.55,
711,24433,10-16-25,,Cerrado
716,12752,16-09-2025,118.87,
717,17888,29-06-2025,,
725,9321,02/01/2026,"7.244,32",
728,19693,02-08-25, 2934.75 ,
734,906,2025/06/07,"3.328,44",
735,10034,2025/05/15,325.07,
738,21149,04/09/2025,12608.36,
740,10643,2025-02-04,,Cerrado
741,22401,12-21-25, 5135.94 ,
742,6027,2025-12-03, 8073.42 ,
743,17172,2025-09-05,"3,761.89",
746,10464,09-02-2025,,Cerrado
751,19485,2025-08-04,"11.169,95",
752,3750,01-10-2025, 12176.52 ,
754,6917,07-23-25, 14564.02 ,
756,14767,2026/02/18,-,
758,20407,08-31-25,,Rechazado
759,8302,19-09-2025, 3052.94 ,
760,20684,2025-08-02,,
762,18894,23/09/2025,11117.21,
763,21471,12-02-25,"7,154.89",
765,23282,2025/01/19,1172.20,
766,11542,11-15-25,,
771,25633,12/10/2025,,Cerrado
773,20762,16/12/2025,7728.89,
777,25653,2025-10-10,"13,048.69",
778,466,2025/07/30, 14257.82 ,
783,16516,2025/04/17,"7.253,18",
784,8863,2025/12/05,,Cerrado
785,13180,04-06-25,"8,136.02",
786,19362,11-07-25,,
788,19721,2025/10/06,,Cerrado
790,9179,11/02/2026,,
791,786,14-11-2025,"11.956,55",
792,19152,03/01/2026,8222.52,
793,9967,15/10/2025,"6.943,75",
806,23617,10/11/2025,"10.174,82",
808,8362,15/05/2025,"14.553,74",
814,6170,07-01-2026,,
816,22324,14-02-2025,"10,355.24",
821,17238,30/11/2025,,Abierto
825,22006,23/10/2025, 5117.41 ,
828,2640,05/01/2026,"8.600,05",
829,17197,12-12-2025, 6676.28 ,
830,11751,2025/04/09,,Abierto
834,4637,16-02-2026,,Abierto
835,16319,2025-10-18, 9169.42 ,
839,5627,13-05-2025,,Abierto
840,12030,2025/07/30,,Rechazado
843,6564,2025/12/21, 13205.44 ,
847,20614,2025/01/11,"11.042,11",
848,25755,02-02-26,,Cerrado
854,7708,11-02-2026,"-14,084.73",
861,12983,2025/11/11,,Rechazado
862,18675,2026/02/10,"10.467,37",
865,21386,06-08-25,,
868,6666,02/02/2026,853.04,
876,20967,19-08-2025, 1786.91 ,
877,7112,13/10/2025,9381.60,
879,15051,13/06/2025,10473.53,
880,11799,2025-03-15,,Cerrado
885,12659,2025-03-03,"9.224,07",
886,9085,2025-04-22,,
888,13722,11-07-2025,698.38,
891,5149,11/12/2025,"8,959.00",
892,477,2025/03/24,,
893,15751,10-16-25,"4.979,42",
894,20520,05/01/2026, 5313.13 ,
896,19486,01-15-25,,Rechazado
898,9095,22/06/2025, 12669.98 ,
902,6042,19-02-2026,"2.072,73",
908,22889,03-31-25,,Abierto
910,15374,02/10/2025,,Abierto
911,7753,01-29-25,-,
917,6888,05-01-2025,"12.592,60",
920,13269,2025-09-18,"8.357,84",
924,4758,09-11-2025,-1173.60,
927,9497,2026/01/01,"8.756,13",
929,7077,2025-03-15,,
930,19882,17-01-2026,7930.85,
931,10395,18/06/2025, 9407.13 ,
933,21679,02-07-2025, 8414.42 ,
934,8280,07-14-25,,Rechazado
938,21310,2026/02/24,1907.58,
939,22950,14-09-2025,"10.651,65",
942,20787,09-30-25,3926.48,
947,25720,2025/09/26,,Cerrado
950,12819,29/06/2025,,
952,9363,08/01/2025,,Abierto
958,7503,2025/06/20,"11.063,01",
960,1448,2026-01-21,"10,946.39",
961,7305,2025-03-09,-,
962,6145,07-24-25,,Abierto
963,23266,2025-10-23,,Cerrado
964,17969,2025-04-27,,Cerrado
969,16047,21-04-2025,,
973,826,2025-12-03,"8,506.95",
974,9936,2025/08/20,-,
975,21736,23-08-2025,12466.51,
976,13491,2025/09/19,"14,763.99",
979,21383,2025/08/13,,Abierto
980,12364,08/06/2025,,Abierto
984,23321,06-29-25,"6,275.77",
985,13966,30/11/2025,,Abierto
986,11266,05/02/2025,"10,351.13",
991,22158,2025-08-26,"7.637,27",
992,2475,2025-05-10,,Abierto
997,24838,15-11-2025,,Abierto
999,25689,2026/01/03,,Abierto
1000,18897,2025-12-29,354.26,
1001,3875,07-22-25,"4.027,89",
1005,1804,09-06-25,"11,494.27",
1006,13101,17-11-2025,"8,980.27",
1008,23461,2026/02/16,-,
1014,1892,18/01/2025,,Abierto
1015,3822,2025-11-09,"4,198.73",
1017,25716,03-30-25,,Cerrado
1019,17243,15/03/2025, 7585.45 ,
1020,20476,01/08/2025,"9,638.23",
1028,3752,01-03-25,,Abierto
1030,24881,04-01-2026,427.88,
1031,15756,07-01-25,3056.54,
1033,4230,2025/01/22,"11.481,62",
1035,12033,2025/05/12,,Cerrado
1039,25599,14/01/2026,,Cerrado
1044,22668,05-11-25,930.74,
1045,10458,2025/05/19,"5.355,52",
1055,20636,2025-10-31,8440.05,
1059,14253,26-08-2025,,Rechazado
1060,19021,03-10-25,6011.35,
1062,9345,17/12/2025,-,
1063,10311,30/03/2025,506.85,
1064,20345,2025-08-26,,Cerrado
1066,13573,18/09/2025,,Rechazado
1070,14008,2025/10/15,13456.22,
1076,18032,09/01/2025, 7758.51 ,
1078,13241,2025/11/09,"7,515.70",
1082,5493,01-08-25,"14.666,07",
1091,5775,02-21-26,2220.73,
1092,17119,03-18-25,,Abierto
1094,3560,2025/02/23,,
1096,6981,01-18-26,,
1097,8950,11-02-2025,"4,937.18",
1105,18411,05-25-25,,
1106,11451,2025-04-13, 5959.99 ,
1111,14354,03/09/2025,,
1113,24868,2025-11-13, 6794.36 ,
1114,17658,09-06-2025,,
1117,21480,05/05/2025,,Cerrado
1118,23771,2025/03/31, 8827.30 ,
1120,13861,2025/01/30, 11213.71 ,
1124,3461,29/07/2025,10686.06,
1129,9207,2026-02-11,"1,999.09",
1132,23813,10-10-25,"13,473.39",
1133,16811,02-24-25,,
1136,11801,07-05-25,5310.68,
1146,15338,04/06/2025,1484.94,
1150,23730,2025/06/11,,
1153,14250,26-01-2025, 12636.25 ,
1156,15020,24-09-2025,,Cerrado
1157,11302,2025/03/11,,Abierto
1160,1948,23-01-2026,"9.201,13",
1162,12743,2025-10-17,"9.761,68",
1163,10671,2025/10/26, 9755.75 ,
1165,9198,14/03/2025,,Cerrado
1168,19075,30/04/2025,,Abierto
1172,10330,09-14-25,,Rechazado
1174,13,01-05-26,-,
1176,4604,2025-11-17,"768,24",
1182,24739,2025-03-15,,Abierto
1184,15381,2025/06/26,"2,152.09",
1185,15619,2025-01-31,"5,907.17",
1187,20954,05-19-25, 4227.36 ,
1190,2561,2025/07/21,9708.16,
1191,24567,2025-09-12,8626.26,
1194,12360,2026-02-22,"1,257.06",
1195,1088,11-15-25,,
1197,22770,02-12-2025,,Abierto
1198,1007,20/03/2025,,Cerrado
1199,7316,17/10/2025,,Cerrado
1201,10811,01/12/2025,,Abierto
1204,10792,2026/02/09,2449.52,
1205,2785,07-18-25,-,
1208,12085,06/03/2025,"7.292,34",
1211,23782,23-12-2025,,Rechazado
1212,18598,2025-02-20, 5927.99 ,
1213,17164,14-11-2025,,
1214,4547,08-03-2025,,
1220,11652,01-31-26,"9,053.89",
1222,4761,16-08-2025,-,
1225,23885,09-22-25,"12,134.93",
1227,25832,03/10/2025,,
1229,405,03-06-25, 2902.16 ,
1230,10348,04/05/2025,"14,201.74",
1231,21623,10-10-2025,,Abierto
1240,16223,04/07/2025,277.84,
1242,16772,2025-03-07,,
1245,9315,10-01-25,"5.018,98",
1247,16943,20-01-2026,"13,951.22",
1250,639,2025-07-26, 10710.26 ,
1251,5220,20-02-2025,"10,460.04",
1253,8538,2025-09-11,,Abierto
1254,20454,2025-10-02,,Rechazado
1260,19935,2025-10-07,11443.65,
1261,10131,2025-09-20,"8.864,57",
1263,14945,22-06-2025,,Abierto
1264,25585,2025/11/03,,Abierto
1268,16249,2025-10-02,"13.323,22",
1269,21082,2025-07-24,,
1272,25857,2025/07/13,,Cerrado
1275,19288,01-25-26,2725.82,
1276,280,11-14-25,,Cerrado
1277,20864,2025/09/24,1036.30,
1284,7964,12/07/2025,,Cerrado
1287,7682,13/12/2025,,Abierto
1294,23967,06-24-25,13944.49,
1295,21960,04-04-25,"12.943,58",
1297,3203,03-31-25,,Rechazado
1300,13633,12-09-25,"6,440.54",
1302,6501,02/05/2025, 7922.05 ,
1306,3099,2025-01-04,7877.21,
1307,17248,07-20-25,-,
1308,20819,2025-03-23,12807.83,
1310,12726,20/08/2025, 3196.63 ,
1311,2315,2025/05/29,14201.32,
1316,12800,10-10-25,,Abierto
1317,19371,17/02/2026,,Cerrado
1319,5559,2025/02/25,,Rechazado
1320,4918,16/03/2025,"1,501.08",
1322,7393,19-05-2025,,
1325,6766,2025/06/29,,Abierto
1326,21581,2025-01-01,13247.47,
1329,19205,18-09-2025,"13,096.57",
1332,3566,09-01-2026,6194.88,
1335,23315,20/02/2025,14684.93,
1338,15367,2025-08-22,,Abierto
1342,20930,2025/07/08,,
1347,15514,14/05/2025, 12002.76 ,
1351,563,09-10-25,,Cerrado
1355,12151,2025-09-12, 4698.50 ,
1357,22130,05-14-25, 11891.95 ,
1358,23652,02-04-26, 5850.34 ,
1362,21685,29/06/2025,,Rechazado
1364,13980,2025-12-24, 8707.04 ,
1370,12779,21-02-2026,-,
1371,7640,08-25-25,,Cerrado
1373,1379,15/02/2026,12470.22,
1374,23715,14/01/2026,9377.30,
1377,8960,28-03-2025,364.60,
1379,25727,01-20-25,,Rechazado
1388,2414,2025-12-07,,Abierto
1389,20596,2025/12/13,14855.63,
1394,21463,2025/12/25,"3.636,50",
1400,19676,03-06-2025,,
1404,14776,2026-01-05, 13119.37 ,
1405,8294,2026-01-21,,Cerrado
1407,13052,2025/05/02,-,
1411,10651,06-04-25,,Abierto
1414,25620,15/05/2025,"8,940.16",
1415,9335,07-07-25,,Abierto
1417,21070,2026-02-14,"10.902,82",
1418,13727,15-01-2025, 11467.88 ,
1420,9081,11-18-25,,Abierto
1427,9624,2026/02/18,"3,204.41",
1428,5384,01-22-25,,Rechazado
1430,13806,2025-10-02,4148.18,
1431,9337,2025-01-26,,Rechazado
1433,7520,08-25-25,"4.779,21",
1435,19763,2025/04/18,"8,214.41",
1438,9756,29-01-2026, 14517.39 ,
1454,13894,02-11-25,,Cerrado
1458,2953,2025-10-01,"11.070,01",
1461,13174,2025-12-10,,Cerrado
1462,19453,2025/12/26, 9532.75 ,
1463,16375,04/05/2025,"14,655.63",
1464,6576,05/06/2025,1345.69,
1466,24405,2026/01/31,,
1469,1197,2026-01-18,"11.255,78",
1471,11356,2025-08-22, 11938.75 ,
1481,21619,2025/12/03,,Abierto
1483,24886,10-10-25,"2.221,79",
1490,10919,02-08-25,,
1493,18230,04/08/2025,3242.03,
1496,19417,26-06-2025,,Rechazado
1497,4852,02-03-2025,12375.98,
1498,3723,2025/05/30,,
1508,23922,05/10/2025,,Cerrado
1510,24665,04/01/2025, 4582.76 ,
1514,25692,2025/08/09,,
1517,6321,2025/07/05,"1.441,95",
1519,2732,2026/01/28,,Cerrado
1520,19601,05-01-25,2751.89,
1521,17514,2025/10/13, 1287.58 ,
1523,8973,17/09/2025,169.84,
1526,8984,2025/11/11,,Abierto
1528,24261,2025-12-01, 673.30 ,
1531,6913,2025-08-23,"413,69",
1532,3410,06-12-25,"13.331,11",
1534,23962,2026-01-28,487.62,
1537,20430,26/05/2025,2969.85,
1540,19844,2025/11/06,,
1543,2999,04-25-25,,Abierto
1544,5361,08-31-25,,Cerrado
1548,6038,04-28-25,7697.95,
1551,24210,03-01-25,13017.38,
1553,10951,17-10-2025,5821.56,
1564,14006,11-01-2025, 9999.18 ,
1565,8482,2025/02/03,"4.333,38",
1568,7268,2025-08-12,,Abierto
1571,2817,2025-06-22,"8.768,67",
1578,11943,2025-02-13,10299.33,
1582,16622,09/08/2025,,
1588,23950,03-08-2025,"7,565.75",
1591,16340,2026-02-14,,Abierto
1594,6947,2025/12/02, 1246.82 ,
1595,16650,05-14-25,"6.602,32",
1596,20438,04/04/2025,"5,672.27",
1597,21771,2025/06/23,,Abierto
1600,16134,17/01/2026,,Rechazado
1604,7108,25-12-2025,-,
1611,5761,2025-11-18,"422,91",
1612,16850,11-08-25,"5.320,82",
1613,15390,14-11-2025,10831.47,
1614,22551,2025-10-25,14069.50,
1615,12778,24-06-2025,,
1622,9705,01-29-26,10663.53,
1624,20288,2026/02/14,,
1627,12223,2025/09/19,5806.47,
1629,7756,2025-06-29,"3,970.26",
1631,23663,12-29-25, 9825.35 ,
1632,24698,2025-10-26,8147.96,
1634,13554,2025-11-03,,Abierto
1637,24853,11-28-25,"14.517,28",
1638,8983,24-04-2025, 12252.52 ,
1639,18349,12-26-25,,
1640,12237,2025/08/06,-,
1642,5128,2025-09-10,"5.998,03",
1644,20306,2025/06/15,,Abierto
1649,20308,2025/12/11,"14,566.91",
1650,23878,10-20-25,6367.46,
1651,497,2026/01/06,,Abierto
1654,140,2025-06-23,,Abierto
1658,11203,2025-04-30,,
1667,16218,16-06-2025,,Cerrado
1668,22198,2025/10/30,1454.97,
1669,16274,05-02-2026,,
1670,25748,2025-06-18,,
1672,15931,20/12/2025,"12.335,99",
1675,22816,2025-07-13, 13433.80 ,
1678,15487,2025/06/26,"4,073.39",
1684,8607,2025-10-10,,
1685,20635,2025/10/26,,
1693,22679,10-15-25, 6624.27 ,
1694,12135,13/02/2025, 14171.39 ,
1698,362,2025-08-16,"10.705,25",
1700,16612,20-02-2025, 11110.58 ,
1703,24825,17-02-2025,"10.644,08",
1705,10032,10/08/2025,11034.33,
1706,6400,2026/01/06, 10276.18 ,
1713,19951,13-06-2025,-,
1714,16177,2025-02-24,,Cerrado
1718,8766,27-01-2026,"7.189,85",
1719,23646,2025-02-12,,Abierto
1720,9594,2025/11/10,,
1722,12854,21/04/2025,,
1731,17953,2025/08/09,"3,607.23",
1732,21801,2025/10/11,"6.022,36",
1738,21295,2025-09-21, 13384.46 ,
1747,11770,25-05-2025, 9805.25 ,
1755,12517,09/01/2025,,
1761,3377,05-01-2026,,Abierto
1762,3692,2025/06/02,"9.676,04",
1763,23579,19/05/2025,"4.609,03",
1767,5702,02-02-2025,8103.30,
1769,4781,2025-08-16,,
1773,5273,2025-02-14, 9839.80 ,
1778,983,19/02/2026,4936.73,
1781,4050,2025/05/12, 10099.53 ,
1784,18429,13-03-2025,-,
1786,13597,2025-03-04,"8,608.38",
1787,6620,07-30-25,"1.056,39",
1788,3689,11-11-2025,"9.448,36",
1789,6518,2025-05-14,14330.32,
1791,22855,20/07/2025,,
1793,154,12-01-2026,"6.325,81",
1794,6881,2026/02/24,,
1795,17921,24-11-2025,,Cerrado
1796,19046,2025-02-12,,Rechazado
1800,6555,2025-09-05,"12,219.16",
1802,19906,31/08/2025,"8.711,91",
1803,2114,10/02/2025,"4.728,30",
1804,537,19-06-2025,7883.57,
1805,12108,10-02-25, 5335.93 ,
1806,14494,12-27-25,,
1808,24630,02-12-26,,Rechazado
1809,23298,2025-07-15,"8.743,38",
1812,7113,20-04-2025,"10.111,45",
1815,5058,2025-12-23,,Abierto
1820,5877,29/03/2025, 6951.16 ,
1822,1320,2025-06-29,,Abierto
1826,20678,08/06/2025,-,
1831,25888,05/03/2025,"5,651.21",
1848,22563,12-30-25,-,
1850,10383,18/05/2025,,Abierto
1851,9774,10-05-2025,,Rechazado
1853,12709,2025-10-27,"4.062,55",
1856,17753,15/04/2025, 1368.42 ,
1857,3550,01-07-25,,Cerrado
1859,9873,2025-08-14,,Rechazado
1863,9190,2025-05-05,,Abierto
1868,9936,2025/04/03,308.97,
1869,22147,2025/08/21,7346.23,
1871,8047,01-10-26,376.88,
1873,11859,04-04-25,"-13,146.99",
1880,11215,2025/06/10,"5.117,67",
1882,12872,06-11-25,11489.95,
1883,15435,2026-02-22, 10095.06 ,
1884,14239,02-17-26,,
1886,6035,2025/02/18,"7.138,65",
1887,24229,22/04/2025,,
1889,21000,01-02-25,"12.867,83",
1896,5035,2026-02-15,"11,911.40",
1901,12631,01-23-26,"6.219,35",
1903,12829,20-08-2025,,Abierto
1906,6297,07/02/2025,,
1909,11885,26-11-2025,"13.989,03",
1910,2378,04-16-25,,Rechazado
1913,22401,25/12/2025,,
1914,20821,2025/05/13,,Abierto
1915,4249,09-30-25,,
1917,1483,03/11/2025,2931.64,
1919,23370,2025/01/19,10088.81,
1927,12363,28/08/2025,,Abierto
1930,1800,01-02-25,"931,65",
1932,4478,2025/02/19,,Abierto
1936,10230,2025/09/16,,Cerrado
1938,6924,2025-05-20,"5.308,87",
1943,25537,03/08/2025,"10.387,20",
1946,9795,2025-06-27, -3125.37 ,
1949,24265,14-02-2026,"1.744,78",
1951,11356,2025-06-16,"3.026,60",
1953,25846,20-12-2025,817.11,
1957,5599,08-27-25, 4898.77 ,
1958,14376,06-20-25,"8.939,68",
1959,25653,09-26-25,,Cerrado
1961,10180,18/06/2025,458.57,
1963,7665,2025/02/01,"13,058.05",
1964,19457,11/11/2025,"12,371.01",
1965,10239,10-26-25,,Abierto
1967,23070,2025-03-16,5037.27,
1968,12848,03-14-25,"14.024,56",
1969,12354,2025/08/08,"12.960,35",
1971,3132,01-06-2025,,Abierto
1972,18246,10-11-2025,10681.55,
1974,3645,20/03/2025,"12,880.85",
1975,11929,09-24-25,,Rechazado
1982,13668,04-06-2025,,Abierto
1984,8409,2025/01/22,"9.904,12",
1992,5897,2025-09-22,,Abierto
1993,5951,2025-10-14,,
1998,17036,07-04-25,"9,445.55",
2000,14424,12-15-25, 6440.22 ,
2001,15777,31-12-2025,8711.64,
2003,19906,12-19-25,-,
2004,1052,2025-08-17,,
2007,9647,2025-06-11,,Rechazado
2009,8864,2025/12/15,14996.75,
2010,14609,08/10/2025,"7.622,38",
2011,20873,2025-05-03,,
2013,6808,2025-09-09,"2.668,84",
2014,18068,2025/08/14,,Abierto
2015,966,18-07-2025,4633.19,
2017,10286,12-30-25,-,
2018,21296,2025-05-01,,Rechazado
2019,14718,2025/05/31,-,
2020,1105,2025-04-06, 7568.87 ,
2026,23719,02-11-2025,,Cerrado
2027,13023,25-03-2025,,
2030,24667,2025/02/27,,Abierto
2033,23214,2025-02-02,,
2036,6962,2025-08-01,"14,164.09",
2038,23938,15/12/2025,,Cerrado
2045,11343,12-06-25, 5598.05 ,
2050,2889,20-11-2025, 12798.94 ,
2052,11775,10/10/2025,9190.32,
2056,3311,18/02/2026,476.23,
2060,2609,06/02/2025,"7.367,96",
2062,10009,05-05-2025,,
2065,6177,2026/02/01,,Abierto
2067,18940,2025/10/27,"14.080,58",
2068,20623,2025/10/05, 5598.66 ,
2070,16333,2025/01/12,,Abierto
2071,18190,31/10/2025,,Abierto
2073,748,06-29-25, 6018.67 ,
2075,16490,2025-02-01,"8.174,67",
2076,18072,09-27-25,,Abierto
2077,17252,10-20-25,"7.933,21",
2078,15511,25-01-2026,"4,027.17",
2079,6895,05/01/2025,-,
2080,10895,2025/12/01,,
2083,14545,17/02/2026,,Cerrado
2088,2488,14-08-2025,"9,104.12",
2092,3682,24-05-2025,,Abierto
2096,20212,02-02-25,10913.99,
2102,25702,2025-11-11, 11456.76 ,
2106,25564,18-11-2025,,Rechazado
2108,25757,2025-04-07,8907.86,
2110,19846,2025/11/23, 4708.12 ,
2112,2291,2025-07-19,,Cerrado
2113,19687,11-11-2025,"9.909,82",
2120,9202,2025-12-17,"1,092.28",
2123,893,03-24-25,,Abierto
2129,15817,24-11-2025,"1,554.97",
2130,24568,2025/08/01,"10,081.96",
2133,5582,2026/02/04,3173.90,
2134,15550,2025/05/26,,Cerrado
2137,3740,28/09/2025,,Cerrado
2141,8581,2025-09-15, 9118.98 ,
2143,7049,09/01/2025,"14,263.63",
2147,18198,2025/06/06,14907.53,
2151,17498,25/08/2025,,
2154,5275,08/07/2025,,Cerrado
2155,6403,01-02-25,,Rechazado
2156,16843,08-01-2025,,Rechazado
2160,17763,01-29-25,10933.93,
2163,22022,03-15-25,"11.882,41",
2170,13440,30/09/2025,,Cerrado
2171,6484,2025-06-03,,
2175,21219,2025/03/07,"4.325,25",
2177,12062,17-02-2025,,
2181,13324,15-10-2025, 10971.72 ,
2182,23939,01-02-26,7294.75,
2185,13495,2025/02/27,11264.69,
2189,8604,20-12-2025,6396.32,
2191,15378,21/05/2025,,Abierto
2195,20237,09-20-25,1798.81,
2199,2655,2025/03/27, 9652.50 ,
2200,16302,2026/01/20, 14998.98 ,
2207,23522,18/12/2025,-,
2211,24414,05-26-25,,Rechazado
2215,18283,2025/04/27,13042.84,
2218,2121,2026/01/22,,
2219,3863,02/11/2025,,
2220,18997,06-01-25,450.11,
2221,8239,2025/06/15,10385.04,
2223,19293,2025/06/03,-,
2226,13433,27-09-2025,"7.919,17",
2232,22770,10-03-2025,8286.57,
2233,15101,2025/08/14,,Cerrado
2240,7847,13/06/2025,,
2241,10744,2025-08-06,,
2243,14886,02-11-26,"8.087,14",
2247,12378,24-06-2025, 6324.65 ,
2248,616,2025-03-08,,
2249,16571,11-24-25,,Cerrado
2253,2695,2025/05/15, 12110.89 ,
2261,8965,07-08-2025, 2877.21 ,
2263,16248,2025-05-28,"2,521.11",
2265,21457,14-11-2025,,Abierto
2267,20025,23-08-2025,,Abierto
2269,11994,05-30-25,,Rechazado
2270,5262,30/06/2025,"2,698.98",
2272,25669,2025/04/08,14217.50,
2273,19646,14/10/2025,3432.68,
2278,778,08-08-25,,Abierto
2281,9844,02-27-25,,Cerrado
2282,3087,08-24-25,8941.56,
2286,629,2025/12/30,,Rechazado
2292,9566,19/08/2025,14828.44,
2293,11540,2025/07/24,"12.845,16",
2294,3290,26/02/2025,"10.223,01",
2296,10408,2025-08-07,,Cerrado
2297,11624,02/11/2025,-,
2299,856,2025-03-04,"14,863.37",
2302,25535,22-04-2025,,Cerrado
2306,511,2025-09-05,13692.83,
2308,6162,2025/07/13,,Abierto
2311,7071,13/09/2025, 6691.02 ,
2312,8906,15/03/2025,"4.111,13",
2313,5220,16-06-2025, 12564.16 ,
2325,13683,13/01/2026,8621.92,
2328,22652,2025-11-24, 11791.18 ,
2331,1474,15-03-2025,13036.46,
2334,9210,22-03-2025,"8.403,81",
2342,24584,2025/09/23,3824.21,
2346,21253,2025-01-04,,
2351,22211,04-16-25, 13086.10 ,
2352,20711,20/11/2025,,
2353,858,20/11/2025,"9.445,29",
2354,6864,21/01/2026,"11,051.50",
2356,20455,01-15-26,,Abierto
2357,1653,01-23-26,"6,707.44",
2358,1622,01-02-2026,363.03,
2359,2943,07-21-25, 783.16 ,
2360,3942,05-22-25,,Rechazado
2361,18633,30-10-2025,6979.70,
2363,2737,2025/05/09,"6.884,27",
2364,25845,2025/08/20,"1,695.06",
2365,21121,2025/06/02,"12.774,65",
2367,19568,03-24-25,,Cerrado
2368,22622,2026/01/02,"348,66",
2369,11403,04-02-25,-,
2372,18743,2025-05-13,,
2373,9302,26/06/2025,-,
2377,8758,2025/10/24,,
2379,13852,02-22-25,"6.190,29",
2383,15691,2025/03/23,,
2384,9924,19-12-2025,11310.24,
2385,22112,14-04-2025,,Abierto
2390,8027,12-31-25,"1.121,61",
2392,17405,04/07/2025,,
2402,11266,27/07/2025, 14169.91 ,
2408,755,31/01/2026, 4836.65 ,
2409,16622,28-10-2025,,Rechazado
2410,15022,06/10/2025,"6.031,84",
2418,16583,01/05/2025,"8.894,80",
2419,1101,2025/06/04,"9.171,26",
2421,7308,11/04/2025,,Abierto
2423,5465,04-18-25,"8.224,28",
2424,22274,28-03-2025,6628.03,
2427,251,01-26-25,,
2428,5206,08-02-2025,"5,634.12",
2430,25623,2025/08/28,,
2434,20992,2025/09/23,,Cerrado
2436,15786,22/07/2025,,Rechazado
2439,13895,06-02-25,,Abierto
2445,23615,06-07-2025, 9415.52 ,
2447,8840,2025-01-23,,
2448,17507,10/02/2026,,
2449,23007,18/02/2026, 9358.52 ,
2451,14441,01-21-26,-,
2453,25762,16-12-2025,12799.54,
2454,315,2025-06-20,"2,706.62",
2455,6226,02-25-26,"11.691,36",
2461,4460,28-08-2025,,
2464,4246,11-10-25,,
2467,24047,2025-10-27, 831.44 ,
2470,19870,24-02-2026,,Abierto
2471,15609,2025/11/16,-,
2474,6772,11-13-25,,Abierto
2480,14866,2025/12/25,"13,497.18",
2481,7016,04-08-2025,-,
2483,9149,12-28-25,,Cerrado
2487,10983,19/01/2025,,
2495,23605,05/06/2025,,
2500,5749,2025/08/08,,
2501,6007,2025-10-13, 11464.16 ,
2504,24756,25-11-2025,-,
2505,11966,22/12/2025, 9243.01 ,
2508,1754,23/04/2025,"7.770,40",
2510,8058,04-06-25,,Cerrado
2511,12809,2025/10/14,,Cerrado
2514,22830,2025-04-08, 1219.12 ,
2519,5197,2025/02/10,753.72,
2520,5030,2025-05-30,,Rechazado
2524,9396,2025/01/18,,Cerrado
2527,13738,15/08/2025,1115.29,
2528,19429,2025-05-02,,Rechazado
2530,22448,03-09-25,"7.889,28",
2533,5249,2025-12-29,,Rechazado
2535,23657,10-05-25,,Cerrado
2538,22630,2025-09-24,"2.396,34",
2541,20512,2025-10-26,,Abierto
2542,1412,2025-07-12,11563.62,
2543,22880,30/10/2025, 10823.73 ,
2544,24281,17-02-2026,"14.753,58",
2545,13230,02-03-26,"9.721,53",
2547,17298,03/09/2025,-,
2549,16301,22-03-2025,,Cerrado
2551,16156,25-02-2026,,Rechazado
2552,23364,2025-07-09,,
2553,7641,07-03-2025,"5,771.47",
2554,1172,09-01-2026,"3,379.85",
2556,17301,2025-09-14,,Abierto
2557,17296,04-15-25,-,
2558,16379,12-22-25,11100.12,
2559,18887,2025/10/09, 8398.33 ,
2561,10340,26-02-2025,388.85,
2562,10507,21-02-2025,"13.259,68",
2564,12314,04-26-25,-,
2574,15439,2025/03/22,"13.120,29",
2576,6446,2025-09-20,"7,607.20",
2578,6675,09-26-25,"9.976,23",
2580,18166,2025-12-06,2887.95,
2582,16327,2025/08/06,4695.67,
2590,22053,22-02-2025,,Cerrado
2592,11432,26-11-2025,,Abierto
2594,4513,2026/01/24,-,
2596,6376,2025/04/07,,Abierto
2603,24345,2025-04-05,,Rechazado
2606,16807,2025/05/18,,
2608,24962,2025/03/28,,Rechazado
2613,10242,2025-02-08,,Abierto
2614,6458,25-03-2025,,
2621,1926,2025/10/14,,Cerrado
2623,1218,2025-06-06,"10.111,64",
2625,25793,07/05/2025,,Abierto
2635,7112,27/10/2025,11347.53,
2637,10785,2025/10/03,,Rechazado
2639,10635,10-11-2025,,Cerrado
2641,6887,09-02-2026, 1319.53 ,
2643,17912,07/02/2026,,Cerrado
2645,16830,08-05-25,6223.40,
2647,7171,23-05-2025,,
2653,4746,29/11/2025, 14807.91 ,
2656,14648,07-25-25,"12.312,79",
2658,20297,06-08-2025,,Rechazado
2660,12566,13-09-2025,13602.54,
2661,16937,25/10/2025,4789.15,
2662,110,09-20-25,"7.585,26",
2664,5812,2025-03-13,"8,775.38",
2666,5917,2025/08/17,"8,244.58",
2668,4259,2025/10/14,,
2670,18126,2025/09/18,,Abierto
2672,21518,2025/12/11,,Cerrado
2674,6936,03-09-2025,,Cerrado
2676,9465,2025/06/10,,
2685,17869,20/09/2025,-,
2691,4210,2025-12-14,,Cerrado
2693,11461,2025/04/12,"6.798,23",
2694,19317,06-11-2025,"3.930,38",
2697,17948,28/09/2025,,Cerrado
2698,19171,27/10/2025,,Abierto
2704,13229,06-05-25,"13,775.35",
2705,473,2025/09/14,5529.99,
2709,22974,2025-04-24,"5.812,14",
2711,11326,26-08-2025,,
2712,7146,10-25-25,,Cerrado
2715,21859,2025-11-11, 6946.34 ,
2721,25827,02-15-25,"3,974.66",
2723,17702,01-03-2025,"12,358.03",
2726,24773,2025/05/27,,Rechazado
2727,19671,01-23-25,7408.48,
2728,11066,2026/02/18,"8.560,45",
2729,11778,26-07-2025,"9.384,96",
2739,18975,09-12-25,-,
2740,23124,04/08/2025,"7.290,40",
2742,13402,2025/02/09,"11.138,70",
2743,14085,2025-02-20,3815.91,
2746,9815,03-08-25,"2.709,74",
2747,22399,2025-05-24,"8.613,37",
2748,21786,22-07-2025,,
2749,1994,04-03-25,,Cerrado
2750,9083,08-08-25, 2571.48 ,
2752,15101,2025-10-17,7449.26,
2753,6339,2025-11-23,10976.53,
2755,15788,12/01/2026,"4,342.47",
2756,7666,11-01-25, 11178.38 ,
2758,10497,06-14-25,"5.861,90",
2760,9586,09-01-2025,,
2761,10655,10-02-2025,681.11,
2763,881,2025-11-27,,
2766,3047,12-12-2025,2893.28,
2767,18246,2025-01-15,"6.788,97",
2769,10769,2025-03-12,,Abierto
2775,25602,22-10-2025,,Abierto
2779,14454,2025/10/10,,Rechazado
2780,24872,2025/07/11, 11855.37 ,
2781,704,22/03/2025, 4044.31 ,
2782,14875,10-28-25,,Abierto
2783,14873,07-02-25,"2,648.03",
2784,2412,2025/04/29,,Cerrado
2786,19226,04-08-2025,"9.413,66",
2788,21999,2025/08/08,"3.158,30",
2791,11226,27-08-2025,"13.590,35",
2792,15690,2025-07-26,"3,504.74",
2794,25862,24-07-2025,"768,89",
2795,23341,05-04-2025,"583,63",
2796,15113,11/04/2025,"10,901.92",
2798,10823,21-05-2025,,
2800,11769,2026/01/09, 5208.55 ,
2801,2395,11-20-25, 4172.19 ,
2803,17397,2025/08/24, 14974.86 ,
2805,2718,21-09-2025,"12,803.79",
2807,2759,07/10/2025, 13770.32 ,
2809,21370,2025/06/25,4490.69,
2810,7706,10-04-25,"12,173.50",
2814,9526,2025-09-11,,Abierto
2817,23212,06-08-25,12828.57,
2818,14166,2025-03-07,,
2823,6909,13/01/2026,-,
2824,821,16-05-2025,,Cerrado
2826,5623,2025-01-26,-,
2831,19553,03-25-25,"5,951.97",
2832,18803,07-06-2025,,Abierto
2834,20538,2025-05-02,"1.515,17",
2837,22851,2025/05/19,13988.02,
2838,2989,2025/09/07,"4,393.15",
2841,5596,2025-11-04,"12.618,66",
2852,1244,15/05/2025,1816.17,
2853,4458,2026-02-05,,
2855,18077,2026-02-15,5377.40,
2861,10194,2025-08-20,,Cerrado
2863,16662,05-05-25,,Cerrado
2864,149,2025-11-02,"8.755,40",
2865,17587,2025/08/12,-3183.57,
2867,20929,02-19-25,"8,919.56",
2870,19057,03-19-25, 5475.60 ,
2872,18128,07-01-2025, 12508.44 ,
2874,3553,2025-06-23,8471.81,
2876,22276,2025-09-27,"5.568,47",
2879,4472,2025/01/08,,
2880,12403,2025/10/18,,
2882,13898,28-06-2025,-,
2891,9020,31-12-2025,,
2892,20091,2025-12-01,12359.38,
2893,20889,2025-06-01,-,
2896,8317,10-08-25, 8447.44 ,
2899,16523,09-02-2026,"2.978,67",
2901,12137,23/01/2025,2466.03,
2904,2061,2025-08-15,678.66,
2908,10500,2025/01/25, 14002.00 ,
2909,13727,20/06/2025, 14365.50 ,
2910,24779,13-07-2025, 12385.96 ,
2911,20021,2025-09-26,,Cerrado
2912,9939,2025/05/22,"-3.369,00",
2919,14747,06-20-25,,Rechazado
2923,12812,12-11-25,9303.42,
2928,7039,06-25-25,,
2930,12839,2025/08/31,6298.00,
2935,22511,07/11/2025,,Abierto
2937,15378,15/10/2025,,Cerrado
2939,11677,2025-02-12,,Abierto
2941,14196,2025-09-24,"10,900.06",
2943,213,25/11/2025,8998.13,
2945,20203,2025-01-01,884.96,
2949,192,03-09-2025, 9990.73 ,
2951,24089,10-09-25,10153.40,
2957,17879,25/03/2025,1289.99,
2961,21717,17-08-2025,,Abierto
2967,24571,10-17-25,,Abierto
2968,12834,14-09-2025,7644.09,
2969,18377,2026/01/15,-,
2970,24501,05-01-25,932.75,
2971,21475,05-06-2025,1534.32,
2973,5526,2026-01-10,"10,104.70",
2975,20707,03-12-2025, 14143.34 ,
2977,3636,2025-11-10, 3418.67 ,
2981,4055,2025/11/16,,Abierto
2982,17721,25-11-2025,2800.19,
2983,6014,28-07-2025,"3.339,49",
2987,12498,2026/01/30, 6005.74 ,
2990,755,2025-06-06,3204.48,
2993,7625,2025/07/18, 14655.52 ,
2996,2461,28/09/2025,854.80,
2997,1941,22-11-2025,6589.31,
3000,8729,12/05/2025,8678.22,
3002,11675,21/02/2025,"7.552,22",
3007,22295,24/11/2025,,Abierto
3008,18810,05-14-25,-,
3009,23444,2025/04/08, 706.51 ,
3010,25773,2025/03/26,"12.099,42",
3012,23196,07-10-2025,,Cerrado
3018,18302,14-01-2026,,Abierto
3020,15920,15/05/2025,9639.36,
3022,14740,28/02/2025,"125,04",
3024,18872,2026/02/07,"7.350,49",
3026,6156,2025/09/09, 11083.07 ,
3030,6637,2025-12-14, 7434.46 ,
3031,23201,20/02/2026,"6.398,43",
3033,9852,2025/11/13,"2,884.45",
3041,13292,2025-11-24,10237.62,
3050,18418,14-03-2025,,Rechazado
3053,4322,19-07-2025, 5305.78 ,
3056,24661,04-24-25,,Abierto
3057,24005,2025/02/17,,Abierto
3058,13765,15-01-2026,,Cerrado
3062,24613,2025/09/06,,Abierto
3064,8212,2025/05/22,-,
3069,4622,2025-05-21,12237.77,
3073,9590,2026-02-01,5305.12,
3076,24191,2025-04-07, 8959.60 ,
3077,22059,2025/01/17,"13,463.42",
3078,1803,2025/11/01,,Rechazado
3079,19314,19-06-2025, 184.15 ,
3080,24421,04-23-25,,Rechazado
3082,5250,14-01-2026,,
3084,17071,09-29-25, 1133.04 ,
3085,3836,2025-07-13,"13,227.97",
3087,5203,2025/04/20,,Cerrado
3093,21654,02-10-2025,"4,278.00",
3096,12359,01-06-2025, 12141.50 ,
3098,11633,06-11-25,,Abierto
3101,15691,06-29-25,,Abierto
3103,17124,2025-07-09,,Cerrado
3104,24816,31/01/2026,,Cerrado
3105,571,2025/08/13, 12334.86 ,
3106,16288,08/06/2025, 6767.62 ,
3107,4475,13/02/2025, 9998.35 ,
3108,24061,2025-12-25,3966.29,
3110,24551,2025/02/21,"9,050.90",
3111,277,15-06-2025,611.79,
3113,7580,2025-02-21,"706,28",
3115,14045,05-29-25,5067.28,
3116,3172,08/09/2025,-,
3119,10564,11-09-25,,Cerrado
3120,7369,10-12-25,,Abierto
3121,4443,2025-02-28,"3,949.14",
3123,6459,04-22-25,9887.06,
3124,4464,2025/02/03,-,
3125,16072,18/07/2025,"5.361,35",
3127,1654,01-21-25,-,
3129,15637,10-25-25, 14735.81 ,
3130,18367,2025/10/10,,
3142,12240,07/01/2026,,Rechazado
3150,19889,21/11/2025,,Abierto
3158,14730,12-27-25,,
3161,3384,03-22-25,-,
3162,180,2025/05/14,"6,252.76",
3165,16787,05-02-25,,Cerrado
3169,19596,25/10/2025,"8.017,98",
3175,13535,01-21-26,,Cerrado
3176,10734,2025-07-19, 2301.35 ,
3177,2222,2025/03/13, 3643.17 ,
3178,5013,2025-01-02, 9810.01 ,
3182,20593,2025-01-02,,Cerrado
3184,21952,2026-02-03,"13,645.10",
3188,6623,2025-05-31,7076.52,
3191,14150,2025/07/13,3091.79,
3192,21392,2025-02-01,,Cerrado
3193,6617,29/08/2025,2381.86,
3194,24742,03-30-25,-,
3204,24110,08/08/2025,8557.18,
3209,13709,19-09-2025,12802.75,
3210,17248,07-02-25,"11.834,59",
3211,19250,2025/05/10,"13,331.34",
3212,16499,03-06-2025,,Cerrado
3213,6084,2026/01/28, 8118.57 ,
3215,13465,21-11-2025,,Abierto
3216,7338,01-14-25,-,
3218,17302,02-23-25,,
3221,21324,2025/08/14, 6960.34 ,
3223,21176,2025/07/12,"9,328.66",
3228,7743,10-01-2025,,
3232,21792,05-02-2025,"3.838,13",
3233,14994,02-01-25,"3.924,77",
3241,6890,18/07/2025,"1.941,27",
3242,21997,21/12/2025,,Cerrado
3243,3778,08-14-25,3464.48,
3244,9326,2025-09-30,,
3245,22117,2025/06/06,,Rechazado
3247,19372,15-09-2025,12859.86,
3249,7469,2025-08-18,2471.10,
3251,24995,04-12-25, 12666.97 ,
3254,18828,12-19-25,14209.33,
3255,8724,09-13-25,,Cerrado
3258,4577,07-12-25,"5,226.13",
3261,19802,03-28-25,"2.639,10",
3263,2752,2025/06/06, 10545.28 ,
3264,175,02-07-2025, 10332.45 ,
3265,21392,12/09/2025,8545.96,
3266,18734,2026/02/20,"2,064.14",
3268,15504,21-06-2025,"8,455.66",
3270,21943,01/02/2026,"3.422,63",
3271,6023,02-01-2026,"5.263,68",
3273,13272,2025/09/09,,
3277,16633,09/01/2026,,
3279,10568,01-21-25,,Abierto
3280,8890,2025/06/27, 6179.99 ,
3285,13404,2025-07-03,"3.107,51",
3291,1711,2025/03/15,,Abierto
3292,370,03-29-25, 5277.56 ,
3294,18628,04-15-25,,
3295,12362,04-07-2025, 11017.75 ,
3297,5781,07-08-2025,-,
3300,10525,13/06/2025,"10.056,76",
3302,4474,06-24-25,"3,001.61",
3303,2934,2025-06-01,"5.923,80",
3305,24713,04-25-25,868.17,
3308,22550,30-07-2025,3580.96,
3309,9748,08-10-25,,Abierto
3311,11519,06-09-25,"7.134,00",
3314,979,2025-10-23,,Abierto
3315,23895,27/07/2025,,Cerrado
3316,18277,06-06-2025,6942.92,
3319,2029,04/01/2026,,Abierto
3320,14408,07-21-25,"6,701.58",
3322,5414,24-05-2025,7264.93,
3324,7566,08-01-25,"3,158.93",
3326,993,20-04-2025,"3,848.98",
3331,6152,2025/08/26,"1,782.47",
3332,12461,2025/12/07,"7,393.70",
3335,13337,12-31-25,,Cerrado
3339,21320,2025-07-04, 8348.53 ,
3342,1654,14-04-2025,7089.23,
3343,25738,05/03/2025,4499.64,
3344,1995,2025-12-26,"8.064,25",
3345,24900,2026-01-10,,Cerrado
3348,5076,2026/01/28,,Rechazado
3353,17831,2025/08/28,"6,786.95",
3355,21609,05-04-2025,1783.05,
3366,23219,23-09-2025,"2,033.49",
3369,9661,24/12/2025,"4,641.90",
3370,292,2025-12-10,"10,444.99",
3372,851,2025/08/09,"12,281.29",
3376,17254,22-06-2025, 7643.96 ,
3384,1367,2025-03-27,,
3385,9615,2025/11/13,-,
3388,5806,2025-02-23,14537.30,
3389,19010,28/11/2025,,
3390,8712,03-10-25,"4.294,15",
3392,3341,2025-04-07,,
3396,14943,21/06/2025,,Cerrado
3399,6457,18-07-2025,,Cerrado
3405,5479,18/03/2025,,Rechazado
3409,13067,2026/01/16,-,
3412,24173,2025/10/17,-,
3414,23814,11/11/2025, 3840.99 ,
3415,16069,2025/08/17,"4.199,51",
3416,13499,14/01/2026,"10.461,53",
3417,3873,2026-01-25,,Cerrado
3418,9048,08-19-25,"2.451,88",
3419,19444,2025/07/03,,
3420,18,11-21-25,,Abierto
3422,266,09-15-25,"14,527.08",
3427,946,2025-01-02,,Rechazado
3429,23284,09-24-25,,
3437,6351,06/01/2026,8401.05,
3439,13817,2025-02-27,-,
3441,22107,08/02/2025,,Abierto
3442,15431,06-01-25,,Cerrado
3443,8510,2025/10/06,"10,056.65",
3446,11131,08/10/2025,,Cerrado
3451,13884,11-13-25,-,
3452,6028,15-11-2025,"14.266,22",
3456,3056,03-04-2025,"1,495.79",
3458,10026,26/10/2025,,Cerrado
3459,13510,2025/03/10,1364.72,
3465,13544,22-03-2025,,Cerrado
3466,6692,19-12-2025,,Rechazado
3469,24326,2026-02-08,"6.645,83",
3472,5138,09-30-25,"706,03",
3475,24644,15-02-2025,441.68,
3476,12166,24/12/2025,"12.984,63",
3480,10364,10-14-25,,Cerrado
3481,3285,2025-11-27, 838.68 ,
3482,10984,05-10-2025, 4761.32 ,
3483,548,31-08-2025,,
3484,25658,06-23-25, 7169.55 ,
3485,16014,03-01-2025,"3.806,25",
3486,13937,11-13-25,"10.746,04",
3488,23895,2025/10/15,,Abierto
3492,20294,06/12/2025,"10,716.07",
3493,5046,07-07-2025,"3,643.09",
3497,14901,05-26-25, 2471.77 ,
3501,18891,12-18-25,,
3502,8081,20-06-2025,-,
3504,11346,2025/05/05,,
3507,3349,02/05/2025,,
3508,22129,2025-09-18,"9.039,02",
3509,18194,2025/12/30,"2,757.05",
3510,25,10-08-2025,"13,009.48",
3512,10191,2025-01-15,"2,182.12",
3516,8983,31-01-2026,13558.20,
3518,5093,20/04/2025,891.98,
3519,8836,09/06/2025,-,
3524,7652,11-04-25,,
3527,15547,10-14-25,7522.50,
3530,17762,07-31-25,,Abierto
3533,21048,2025-02-23, 13697.87 ,
3534,2876,2025/04/08,,Rechazado
3537,24015,02-11-2025,10150.84,
3539,25648,24-12-2025, 8540.58 ,
3545,7239,09-21-25,,
3552,15512,04-19-25,,
3555,23779,07-28-25,"1.226,39",
3557,8401,2025/04/28,,Abierto
3560,18806,2025/04/09,,Cerrado
3565,16432,2025/02/04, 7620.60 ,
3567,14450,11-13-25,,
3570,16393,2025/06/10,,
3571,9806,29/06/2025, 8378.61 ,
3572,4216,23/11/2025,"7,426.75",
3573,10249,2025/12/25,"8.961,50",
3577,25650,14-09-2025,,Rechazado
3582,3284,2026/02/11,"1.771,01",
3584,6152,2025-05-22,,
3586,12542,2025-11-08,"5,387.28",
3587,507,2025-08-24,,Rechazado
3588,14560,11-05-2025, 514.33 ,
3590,25774,2025/11/29,,
3592,12181,2025/01/15,"9.905,61",
3593,23667,2025/07/21,,Cerrado
3594,21287,11-27-25,2696.59,
3598,3201,07-24-25,3337.73,
3600,19340,2025-10-20,,Rechazado
3602,20445,2026-01-01,,Abierto
3605,23807,26/01/2025,"3.633,79",
3611,10537,29/06/2025,,Abierto
3614,13738,2026-01-31, 8077.38 ,
3618,16604,2025-05-28,"7.815,24",
3621,198,2025/04/24,,Cerrado
3623,8315,20/07/2025,,Abierto
3626,8247,26-05-2025,"10,232.98",
3627,15450,09-26-25, 9880.85 ,
3632,11730,30/04/2025,,Cerrado
3633,15157,2025-11-19, 4535.49 ,
3636,2605,2025-03-03,7899.99,
3638,5867,11-30-25,"13.336,08",
3639,14954,24-11-2025,,Cerrado
3640,828,17-08-2025,"14.994,75",
3641,6716,21-08-2025,585.42,
3646,15001,04/12/2025,-,
3649,21390,01-10-25,,
3655,14874,01-05-25, 14325.34 ,
3656,24618,02-09-26,"3,219.25",
3657,15950,2025/01/19, 11571.88 ,
3663,10279,06-22-25,,Rechazado
3665,5478,20/09/2025, 265.72 ,
3669,3060,2025-07-12, 13639.76 ,
3670,755,09-21-25,11756.61,
3671,23288,2025/10/22, 8923.47 ,
3674,14363,01-12-2025, 8756.27 ,
3675,4333,08/02/2026, 1900.76 ,
3677,19247,10-27-25,"7.118,02",
3682,5802,31-05-2025,,
3684,12106,23-09-2025,9742.07,
3686,16992,05-08-25,-,
3688,7368,12-11-25,,Abierto
3689,6190,2025/10/22,"1.702,18",
3692,20163,21/02/2025,"6.793,57",
3698,11276,02-12-25,"1.773,18",
3701,18229,2026-01-29,,
3702,2415,12-21-25,,Cerrado
3704,20207,2025-01-16,"6.431,65",
3709,10801,2025-03-16,,Abierto
3711,2480,22/02/2025, 508.21 ,
3714,21261,2025-06-14,"10.969,60",
3716,7097,27/09/2025,"11.487,91",
3721,10148,2025-04-23,,Cerrado
3725,23346,2025/12/17,"13,537.48",
3730,6287,11-11-25,,Cerrado
3731,12709,02-02-25,"14.234,59",
3734,4938,2026/01/10,"5,073.75",
3735,10887,05-04-2025,"6,699.66",
3738,3994,05-01-2025,,Abierto
3743,17359,12-08-25,,
3752,12042,08-21-25,,Cerrado
3754,24268,30/08/2025,"14.928,13",
3761,13020,06/10/2025, 14515.43 ,
3765,21952,2025/03/04,"1.414,62",
3777,5522,13-02-2025,"13,528.10",
3778,8641,13-12-2025,9202.38,
3779,15055,10-12-2025,,
3782,25672,2025/11/30,1493.78,
3784,13494,01-01-2025, 8987.15 ,
3787,2682,2025/06/06,"13,275.06",
3793,25540,02-15-26,"5.437,21",
3794,14189,10-12-25,,Cerrado
3796,18333,09/04/2025,,
3800,8810,2025/04/19,944.53,
3802,25639,2025/05/02,,
3808,12949,2025/03/19,,Abierto
3810,4416,2025-01-03,,Cerrado
3811,7417,04-15-25, 14454.82 ,
3813,10354,2025/05/22,"11,870.82",
3814,2824,2025-11-26,,Cerrado
3816,6134,2025/04/14,,Rechazado
3817,22562,2025-04-07,,
3820,17847,08-21-25,,Cerrado
3821,3088,2025-12-21,11389.62,
3823,14949,07-10-2025,"9,296.93",
3824,1372,2025/11/09,,
3826,24010,19-10-2025,"11.025,46",
3827,16856,26/01/2025,"12,070.87",
3828,5619,09-01-25, 4098.72 ,
3831,7022,2025-01-05,,Abierto
3834,23121,02-08-26,-,
3842,14173,13-12-2025,"317,55",
3845,22741,2025-06-02,-,
3846,9358,2025-04-22,,
3847,25696,2025-08-05, 11775.70 ,
3848,9077,23/04/2025,,Abierto
3851,704,07/03/2025,,Abierto
3853,25715,2025-11-02,434.42,
3855,1464,02-23-26,11957.28,
3856,8596,2025-06-27,7364.07,
3857,22438,2025-05-26,"5,174.85",
3858,9869,2025-10-06,,Cerrado
3866,21369,2026/02/07,"2.720,08",
3869,15284,2025-03-04,8946.16,
3871,7219,11/03/2025,"976,46",
3876,6786,04-16-25,,
3880,10369,01/02/2026,10242.80,
3882,23969,04-06-2025,,Abierto
3883,16688,01/01/2025,"11,781.32",
3886,16331,2025-05-25,"2.289,58",
3889,12528,2025/12/16,,Abierto
3890,13316,27-10-2025,"2,845.96",
3893,16341,04-02-2025,"10.181,57",
3896,5761,13/12/2025,"4.853,20",
3903,25702,30-11-2025,"2.313,15",
3904,2817,22/08/2025,"7.865,60",
3911,21924,18-02-2025,"3.307,94",
3913,5853,10-01-2025,,Abierto
3919,5401,11/06/2025, 4207.29 ,
3925,11738,2025-12-12,,Rechazado
3926,17850,01-14-25, -3859.65 ,
3931,18066,10-02-2025,,Abierto
3938,18501,24/10/2025,,Abierto
3944,15570,10-26-25,"10,318.43",
3945,17558,16/01/2025, 1592.38 ,
3946,3415,2025/05/19,,Rechazado
3947,5119,07-13-25,"13,690.59",
3948,10677,2025/05/19,,Cerrado
3949,17401,2025-08-11, 5932.92 ,
3950,22453,26-10-2025,"14.097,20",
3954,18091,26-11-2025,,
3955,25824,12/05/2025,,
3960,14334,2025-09-24,"11,981.94",
3961,14833,2025/10/21, 11031.10 ,
3967,13125,29-03-2025,"10.186,18",
3969,16952,02-01-2025,,Abierto
3970,13723,2026/01/22,12141.60,
3973,20228,2025/08/29, 775.93 ,
3977,14177,2026-01-02,,Abierto
3978,886,26-03-2025,-,
3980,18779,2025/06/19,"13.127,61",
3983,15860,08-22-25,,Abierto
3986,24416,12-11-25,,Rechazado
3989,18542,27-11-2025,,
3991,17235,2025/07/02,,Cerrado
3993,6283,2025-06-01, 12236.04 ,
3995,17779,03/05/2025,10785.66,
4000,3351,10-28-25,"5.881,74",
4001,17837,2025/01/18,"9.541,22",
4003,23759,19-03-2025,,Abierto
4006,248,07-11-25, 7891.22 ,
4012,3590,27/06/2025,,Cerrado
4013,7623,12/01/2025,2772.63,
4017,12731,2026/01/07,,Rechazado
4018,24945,07/06/2025,,Cerrado
4020,1030,2025-06-28,,
4024,12345,06-21-25,"5,801.61",
4025,13140,01-12-25,"3.065,48",
4030,30,05/01/2026,,Abierto
4031,24139,23/01/2025,"10.048,22",
4035,17977,2025-02-27, 1926.12 ,
4037,20719,11/05/2025,,
4041,17399,2025-02-02,10160.85,
4043,3336,2025-09-23, 8818.06 ,
4044,14717,2025-05-09,11415.68,
4046,20079,22/08/2025, 8211.96 ,
4052,22450,12/01/2026, 7007.45 ,
4055,11337,2026/01/19,,Cerrado
4057,10452,05-03-2025,"6.291,70",
4058,3699,04-03-2025,,Cerrado
4060,14699,05-16-25,,Cerrado
4062,15191,2025/01/19,-,
4064,3513,2025/04/17,"3,957.85",
4068,376,11-02-2025,"2,832.78",
4073,18331,2025/07/30,,Abierto
4074,16835,2025/01/27,"3.033,35",
4078,7214,07-05-2025,"4,542.89",
4080,20764,08-29-25, 9241.89 ,
4086,7633,23/11/2025, 2487.26 ,
4091,10644,03/05/2025,,Cerrado
4094,9931,2025-05-15,,Abierto
4097,12844,25-08-2025,"6.690,82",
4104,9108,29/03/2025,"4.879,54",
4109,18859,2025/12/11,11754.54,
4110,18843,05-30-25,"10,848.35",
4111,23276,02-18-25,,Cerrado
4112,5449,2025/07/06,9514.74,
4115,5001,20-03-2025,,Cerrado
4116,8163,2025-07-28,,Abierto
4119,7033,2026/02/03, 2026.75 ,
4124,2005,08-15-25,"14.313,14",
4125,7291,01-04-25,"4.265,40",
4129,24041,04-25-25,14226.25,
4132,22194,2025-06-26, 5959.84 ,
4135,1573,09-28-25,9402.48,
4136,5828,10-16-25,,
4138,3535,2025/04/11,"6,194.66",
4140,15109,2025/08/09,,
4142,4738,30/01/2026,6724.50,
4144,3466,12/12/2025,,
4146,18675,19/04/2025,"4.209,24",
4147,17676,01-18-26,,
4150,25748,16-08-2025,,
4155,22871,08-22-25,"5,204.25",
4156,19213,02-11-26,,Abierto
4157,23912,2025/01/18,"1,619.19",
4158,15553,08/11/2025,4375.85,
4159,24415,23/02/2025,7808.66,
4165,7239,2025-03-15,,
4166,14145,2026/01/20,,Rechazado
4168,1313,06/10/2025,"9.095,81",
4170,18400,2025-10-05,,Rechazado
4173,22521,07-29-25,"7,042.02",
4177,17744,2026/01/19,,Abierto
4181,23084,2025/06/08,"598,46",
4183,13358,2025-11-11,"6,489.87",
4185,12143,2026/01/13,"7,220.00",
4188,8532,2026-02-22,,Rechazado
4189,6200,2025/12/30,4735.41,
4191,14049,2025/12/07,"12,056.60",
4193,25503,2025-08-11,,
4198,18622,20-11-2025,,
4199,10023,17-07-2025, 12320.12 ,
4201,185,02-23-25,,Abierto
4202,5826,18/02/2025,"1.738,61",
4207,18106,11-27-25,"6,687.19",
4211,22179,09-02-2026,3176.21,
4212,4533,2025-05-11,2152.46,
4214,5744,08-22-25,"9.169,16",
4216,12781,20-05-2025,"6.012,50",
4217,7882,2025-01-08,-,
4220,13370,27-03-2025,,Abierto
4225,1403,25/02/2025,316.20,
4226,21250,2025/04/04,,Rechazado
4228,19860,11-19-25,,Cerrado
4231,5166,14/05/2025,,Cerrado
4232,6139,14/05/2025,"8.359,11",
4233,3473,28/01/2025,"1.270,75",
4236,23353,17/02/2025, 9432.99 ,
4245,19602,2025-03-28,,Abierto
4246,2192,03-02-2025,,
4255,14402,12/01/2026,"9.885,72",
4259,14200,2025/03/30,-,
4261,11066,2025/06/11,9563.62,
4262,4313,2025-05-31,"8.478,44",
4263,18580,2025-02-23,"4,025.48",
4265,703,2025-02-06, 12384.06 ,
4266,5447,07-19-25, 7272.89 ,
4268,18469,01-23-26,"14.950,94",
4269,1614,2025/05/26,,
4272,24316,12-01-2025, 8963.16 ,
4273,4049,2025/04/18, 4785.95 ,
4277,23332,07-03-2025,"11.557,57",
4281,7669,07-15-25,,Abierto
4286,24218,01-28-26,14185.66,
4287,5211,2025-07-27,,Abierto
4288,24612,20-06-2025,,Abierto
4295,7853,21/11/2025,7470.14,
4298,19354,09-03-2025, 2077.99 ,
4299,16410,2025-12-16,"9.387,98",
4300,21444,03-01-25, 3091.32 ,
4302,19811,2025/01/26,,Cerrado
4303,23535,2025/04/14,1648.00,
4305,6276,2025/12/06,,Abierto
4306,23988,2025-05-21, 3954.87 ,
4307,8802,02-14-25,"2.341,93",
4310,21328,2025/01/29,,
4312,1944,2025/04/06, 5478.38 ,
4313,4327,2025-10-01,"9,522.07",
4315,6242,15/11/2025,"14.884,81",
4317,1829,12-22-25,,Cerrado
4318,5740,05-14-25,"9.834,32",
4321,4849,15/09/2025,5788.09,
4322,5776,05-03-2025,,Abierto
4325,14934,23/10/2025,,Abierto
4327,15861,01-07-25, 430.70 ,
4328,16628,07-05-2025,"9,861.67",
4339,7133,18-03-2025,,Cerrado
4341,6381,14-02-2025,-,
4343,15786,27/06/2025,986.29,
4346,13017,04-01-2026, 5474.39 ,
4347,15660,2025-08-31,"12.039,64",
4348,20438,2026/02/24,255.59,
4349,10458,2025/03/31,,
4351,18364,25-08-2025,"5.709,23",
4354,5163,04-11-2025,9295.32,
4356,9946,09/11/2025, 12657.53 ,
4362,14305,2025/01/02,"449,46",
4363,18407,12/08/2025,,Cerrado
4368,8084,30/12/2025,227.18,
4370,21724,12-22-25,,Rechazado
4372,16537,2026-02-18,,Abierto
4376,4985,2025-12-26,-,
4378,21246,2025-07-18,,Cerrado
4387,17814,08-10-2025,,
4390,11853,2025/11/04,-,
4394,12753,26/01/2025,7349.74,
4395,10215,2025-03-29,"8.490,51",
4396,23780,2025/12/12,,Abierto
4397,15752,12-04-25, 10805.10 ,
4401,11595,03-09-25,,Cerrado
4406,25582,2026/01/01,14505.76,
4408,21903,2025/12/10,,
4409,8082,2025-06-07,"-12.646,94",
4411,19896,12-25-25,,
4417,3083,06-30-25,"3,389.56",
4418,12601,16/07/2025,188.77,
4423,20516,09/09/2025,,
4425,16601,2025/12/25,3176.43,
4427,19966,2025/01/07,,Rechazado
4428,23407,2025-09-09, 6736.28 ,
4430,13574,2025/07/30,,Rechazado
4433,1044,22/02/2026, 770.81 ,
4434,14108,2025/10/17, 4006.14 ,
4435,9358,04-26-25,,Rechazado
4436,7863,29/05/2025,"7,145.83",
4441,22667,29-09-2025,"2,315.32",
4442,15701,12-25-25, 1926.98 ,
4448,11156,06-08-25,4367.45,
4453,15000,10-19-25, 1424.11 ,
4459,2861,2025/03/19,13227.44,
4463,6612,2025-10-03,"14,421.40",
4464,10527,06-28-25,,
4465,6580,2025-04-23, 5471.71 ,
4467,6052,05/11/2025, 8873.95 ,
4469,13487,02-05-26, 12767.08 ,
4470,11277,17-01-2026,"8.693,71",
4473,9227,09-09-25, 1585.15 ,
4480,15144,07/06/2025, 4008.01 ,
4482,8080,2025/05/02,"10.298,79",
4486,17879,06-18-25,7142.66,
4487,17751,2025-09-06,,Cerrado
4488,17432,14-12-2025,"6,045.18",
4491,3845,21-04-2025,13337.06,
4494,14612,16/02/2025,"1.756,64",
4496,5574,2025/04/19, 7123.41 ,
4498,16975,25-06-2025,3166.60,
4500,22220,08-31-25,-,
4501,21736,23-08-2025,12466.51,
4503,20163,21/02/2025,"6.793,57",
4504,17235,2025/07/02,,Cerrado
4506,9179,11/02/2026,,
4514,22198,2025/10/30,1454.97,
4516,21581,2025-01-01,13247.47,
4522,4758,09-11-2025,-1173.60,
4524,17879,06-18-25,7142.66,
4525,17658,09-06-2025,,
4527,20455,01-15-26,,Abierto
4530,23938,15/12/2025,,Cerrado
4531,18194,2025/12/30,"2,757.05",
4532,10760,2025-03-09,14910.95,
4536,3145,2025-08-11,"2.935,10",
4542,19676,03-06-2025,,
4545,11966,22/12/2025, 9243.01 ,
4551,23121,02-08-26,-,
4553,16274,05-02-2026,,
4555,18230,04/08/2025,3242.03,
4556,5828,10-16-25,,
4559,17498,25/08/2025,,
4560,22453,26-10-2025,"14.097,20",
4561,21219,2025/03/07,"4.325,25",
4563,10537,29/06/2025,,Abierto
4564,17977,2025-02-27, 1926.12 ,
4565,3284,2026/02/11,"1.771,01",
4576,15660,2025-08-31,"12.039,64",
4578,18230,04/08/2025,3242.03,
4579,9596,2025-07-24,-6745.26,
4581,13062,2025-08-16,-,
4583,11461,2025/04/12,"6.798,23",
4586,13535,01-21-26,,Cerrado
4595,19811,2025/09/01,,Abierto
4596,9774,10-05-2025,,Rechazado
4597,25535,22-04-2025,,Cerrado
4601,8973,17/09/2025,169.84,
4602,14699,05-16-25,,Cerrado
4603,21903,2025/12/10,,
4606,17248,07-02-25,"11.834,59",
4610,10983,19/01/2025,,
4611,22410,21-02-2025,,
4615,3466,12/12/2025,,
4616,12223,2025/09/19,5806.47,
4618,10239,10-26-25,,Abierto
4619,18897,2025-12-29,354.26,
